policy,ac_min_voltage_mean,ac_min_voltage_std,ac_min_voltage_min,ac_min_voltage_max,ac_mean_min_voltage_mean,ac_mean_min_voltage_std,ac_mean_min_voltage_min,ac_mean_min_voltage_max,ac_voltage_violation_rate_percent_mean,ac_voltage_violation_rate_percent_std,ac_voltage_violation_rate_percent_min,ac_voltage_violation_rate_percent_max,ac_nonconverged_slots_mean,ac_nonconverged_slots_std,ac_nonconverged_slots_min,ac_nonconverged_slots_max
edf_safe,0.9628746117589998,0.010480085238146775,0.9501389660953796,0.9755716381705952,0.9725975186030292,0.008923029185207624,0.9621069005790885,0.9834668148046832,0.0,0.0,0.0,0.0,0.0,0.0,0,0
fedavg_graph_safe,0.9629203919826784,0.01052495490082764,0.9501315243920573,0.9760678672416414,0.9727777676116217,0.00891051449170992,0.962270102544856,0.983545902263634,0.0,0.0,0.0,0.0,0.0,0.0,0,0
fedavg_local_safe,0.9628327564017589,0.010412710275798407,0.9501362840862809,0.9756801801549424,0.9728327404715248,0.008879454953820316,0.9623382932327654,0.9835607447932239,0.0,0.0,0.0,0.0,0.0,0.0,0,0
grid_fedgat_pilot,0.9628635965909395,0.010448147883957298,0.9501363761923242,0.9753983895539183,0.9727517915247215,0.008894198079727604,0.9622472150836684,0.983516932531909,0.0,0.0,0.0,0.0,0.0,0.0,0,0
uncontrolled,0.9490372478377015,0.0187531257160199,0.9213430604390701,0.9726300461133253,0.9712865261564116,0.010248630466309376,0.9586135676226393,0.9834262593401933,2.214781746031746,3.233455521760829,0.0,7.607886904761905,0.0,0.0,0,0
