policy,ieee33_min_voltage_mean,ieee33_min_voltage_std,ieee33_min_voltage_min,ieee33_min_voltage_max,ieee33_mean_min_voltage_mean,ieee33_mean_min_voltage_std,ieee33_mean_min_voltage_min,ieee33_mean_min_voltage_max,ieee33_violation_rate_percent_mean,ieee33_violation_rate_percent_std,ieee33_violation_rate_percent_min,ieee33_violation_rate_percent_max,ieee33_nonconverged_slots_mean,ieee33_nonconverged_slots_std,ieee33_nonconverged_slots_min,ieee33_nonconverged_slots_max
edf_safe,0.9519514996827113,0.0003945769658744373,0.9513584858085858,0.9525387392043951,0.9561305692712246,0.0001030379004792003,0.9559638969316967,0.9563211612108233,0.0,0.0,0.0,0.0,0.0,0.0,0,0
fedavg_graph_safe,0.9516217613673467,0.00035937856698872587,0.9510966284285258,0.9523885813487761,0.9561718469027466,0.00010611858265156789,0.9559949815091594,0.9563587009569122,0.0,0.0,0.0,0.0,0.0,0.0,0,0
fedavg_local_safe,0.9516195619506385,0.00034693360460877223,0.9508829521346799,0.952314289468572,0.956169018015397,0.00010286552047261527,0.9559920980343486,0.9563539247520506,0.0,0.0,0.0,0.0,0.0,0.0,0,0
grid_fedgat_pilot,0.9518580676090664,0.0003750514274260884,0.951051699703211,0.9525483173906905,0.9561532947811259,0.00010229516261473407,0.9559778488213992,0.9563351551949045,0.0,0.0,0.0,0.0,0.0,0.0,0,0
uncontrolled,0.9506875045298003,0.000830129166930648,0.9492542807393693,0.9516684210638483,0.9560354549780461,6.51276471632288e-05,0.9559478695403462,0.9561360079113408,0.007215007215007215,0.014936483968449224,0.0,0.03607503607503607,0.0,0.0,0,0
