policy,ieee123_min_voltage_mean,ieee123_min_voltage_std,ieee123_min_voltage_min,ieee123_min_voltage_max,ieee123_mean_min_voltage_mean,ieee123_mean_min_voltage_std,ieee123_mean_min_voltage_min,ieee123_mean_min_voltage_max,ieee123_violation_rate_percent_mean,ieee123_violation_rate_percent_std,ieee123_violation_rate_percent_min,ieee123_violation_rate_percent_max,ieee123_nonconverged_slots_mean,ieee123_nonconverged_slots_std,ieee123_nonconverged_slots_min,ieee123_nonconverged_slots_max,ac_filter_energy_retained_percent_mean,ac_filter_energy_retained_percent_std,ac_filter_energy_retained_percent_min,ac_filter_energy_retained_percent_max,ac_filter_mean_alpha_mean,ac_filter_mean_alpha_std,ac_filter_mean_alpha_min,ac_filter_mean_alpha_max,ac_filter_runtime_ms_mean_mean,ac_filter_runtime_ms_mean_std,ac_filter_runtime_ms_mean_min,ac_filter_runtime_ms_mean_max
edf_safe,0.9759244423634894,0.00032313836497999907,0.9754578515165837,0.9763049996053328,0.9765194758846414,5.878720183771464e-05,0.9764335378367526,0.9766098846132546,0.0,0.0,0.0,0.0,0.0,0.0,0,0,100.0,0.0,100.0,100.0,1.0,0.0,1.0,1.0,0.05477278013824529,0.0007208030653201612,0.05352169821327109,0.055802142014726996
fedavg_graph_safe,0.975942135311627,0.000306891419366675,0.9754403073726828,0.9763008924968848,0.976535702782538,5.727392155835186e-05,0.9764468129539626,0.9766234317626896,0.0,0.0,0.0,0.0,0.0,0.0,0,0,100.0,3.79801067982192e-15,99.99999999999999,100.0,1.0,0.0,1.0,1.0,0.054733327955805836,0.0007131592419124758,0.053733622605380206,0.05681698080263145
fedavg_local_safe,0.9759582930007992,0.0002879699659898021,0.9754920580593779,0.9762963491645222,0.9765375400168782,5.734429982255176e-05,0.9764488551936994,0.9766253249757781,0.0,0.0,0.0,0.0,0.0,0.0,0,0,100.0,0.0,100.0,100.0,1.0,0.0,1.0,1.0,0.05481943131483618,0.0005713654438344216,0.05354750291666105,0.05544470332097262
grid_fedgat_pilot,0.9759195784052863,0.00033416704553405565,0.9753910699381286,0.9763057615986162,0.9765307203796992,5.777941440722417e-05,0.97644309387301,0.9766180775105782,0.0,0.0,0.0,0.0,0.0,0.0,0,0,100.0,3.79801067982192e-15,100.0,100.00000000000001,1.0,0.0,1.0,1.0,0.055200171366792235,0.0009254416034818096,0.0538440965881039,0.05750369122584483
uncontrolled,0.9748964675678271,0.0002030756437667759,0.9746114383440755,0.9752015860163059,0.97645845543335,2.3344215269389834e-05,0.9764274764763541,0.9764862036508566,0.0,0.0,0.0,0.0,0.0,0.0,0,0,100.0,0.0,100.0,100.0,0.0,0.0,0.0,0.0,0.0,0.0,0.0,0.0
